{"M_h_values": [100000000.0, 122633068.41775644, 150388694.6955407, 184426270.8585533, 226167594.92228645, 277356261.41984177, 340130493.8279246, 417112461.20565164, 511517809.92931455, 627289985.8196256, 769264957.487913, 943373221.6299773, 1156887528.3162832, 1418726674.116599, 1739828052.9303622, 2133604526.501411, 2616504698.7488236, 3208699997.370444, 3934927263.095845, 4825522042.741279, 5917685748.18883, 7257039612.324202, 8899530352.885223, 10913767146.51274, 13383887531.73759, 16413071953.751266, 20127853758.499386, 24683404670.686512, 30270016537.634556, 37121050090.663574, 45522682755.0731, 55825862688.62701, 68460968385.74672, 83955786199.95103, 102957556731.25127, 126260010987.48578, 154836525658.5496, 189880782446.52612, 232856629849.81964, 285559230199.01117, 350190046143.172, 429448798878.92725, 526646239348.4281, 645842443019.6991, 792016405019.254, 971274019847.1168, 1191103133283.008, 1460686320364.9858, 1791284454622.0022, 2196707090793.235, 2693889309590.164, 3303599120128.346, 4051304969235.378, 4968239594734.388, 6092704661368.687, 7471670675868.066, 9162739011886.73, 11236548001387.516, 13779723598335.54, 16898497868124.621, 20723146452190.297, 25413430367026.39, 31165269449294.367, 38218926206331.15, 46869041923141.92, 57476944248353.586, 70485740364518.89, 86438826205982.61, 106002584880688.25, 129994222441324.22, 159415903745600.28, 195496614309125.94, 239743496780107.84, 294004806433471.4, 360547115425049.9, 442149990737448.7, 542222100650159.2, 664943599666503.2, 815440739518518.6, 1000000000000000.0], "sigma_values": [5.763995153151502, 5.670671014850481, 5.577815128163111, 5.485437309335595, 5.393547168411991, 5.302153341152139, 5.211264715514855, 5.1208900630823315, 5.031038137297275, 4.941716480841605, 4.852934076952487, 4.7646990767377835, 4.677018969107492, 4.589903030129637, 4.503358677510726, 4.41739516651064, 4.332020605727393, 4.247243780346336, 4.163072825260756, 4.079516156339764, 3.9965820616423207, 3.9142790133005407, 3.832615488322738, 3.751600036989643, 3.6712414351027296, 3.5915492606092037, 3.5125320926363695, 3.4341990246900957, 3.3565591386099234, 3.2796216841777084, 3.203395634904228, 3.1278905192725666, 3.0531158284057316, 2.9790811671080033, 2.905796222909289, 2.8332707749888373, 2.7615146811131908, 2.6905378483333373, 2.620350026535813, 2.5509619883955565, 2.4823829948722214, 2.414623553434224, 2.347693829999185, 2.2816040744616544, 2.2163645659222575, 2.151985605658949, 2.0884775126383004, 2.025850606576017, 1.9641151709175877, 1.903281512366913, 1.8433597494297216, 1.7843601831173472, 1.7262928400072721, 1.6691676802878304, 1.612994562003919, 1.557783168590831, 1.5035430436364043, 1.4502834616429718, 1.3980122158564732, 1.3467406526801575, 1.2964776805909093, 1.2472263963540842, 1.199002361476977, 1.1518068040264229, 1.1056489237207512, 1.0605310058651458, 1.0164664571120583, 0.9734574166518507, 0.9315085853921425, 0.8906245253635018, 0.850809115432014, 0.8120636817738232, 0.7743911529608328, 0.7377927775442356, 0.7022693842831831, 0.667819531745255, 0.6344418652979509, 0.6021337730876714, 0.5708919490130712, 0.5407114330352388], "f_PS": [0.22361196024622054, 0.2269695673625644, 0.23040586833028306, 0.23392279080950326, 0.23752228715864537, 0.2412063619249888, 0.24497702015288353, 0.24883627530676714, 0.25278613795481875, 0.2568286617872604, 0.2609658162337337, 0.26519957566849267, 0.2695319031754415, 0.2739646136065195, 0.27849953624645374, 0.28313830631068376, 0.28788249528377435, 0.2927334875172051, 0.2976925233269158, 0.3027606124190576, 0.3079385177065707, 0.3132266910300851, 0.31862523220424194, 0.32413382599178026, 0.32975166451120236, 0.3354773281256644, 0.34130882741476704, 0.3472434008877117, 0.35327744308061987, 0.35940636810276155, 0.3656245072238024, 0.37192488677970814, 0.3782991006431247, 0.3847371031326861, 0.3912269938440333, 0.3977547743534202, 0.4043040799841934, 0.41085588428069564, 0.4173881893619407, 0.4238755543476363, 0.43028893706153465, 0.43659500750403774, 0.44275583377985517, 0.4487283483875031, 0.45446383154753706, 0.45990736842935576, 0.46499729405278173, 0.46966464079714865, 0.4738326075834968, 0.4774160687824628, 0.4803211794534673, 0.4824450740153736, 0.4836757891112551, 0.48389240259650396, 0.48296552738562704, 0.48075824825955477, 0.47712763088272364, 0.471926937587922, 0.46500853538921555, 0.45622875750315084, 0.445452663788186, 0.4325594005948776, 0.4174552092631371, 0.4000760007932655, 0.3804047944007461, 0.35847871764586164, 0.33441029143647677, 0.30838908185127745, 0.28069874112079574, 0.2517229534296711, 0.22194633315362652, 0.1919457917067844, 0.16237580866415155, 0.13393546901537243, 0.10732581200519084, 0.08319367128738407, 0.06207242374700484, 0.04432195494611859, 0.03008318129003502, 0.019256992220770486], "f_ST": [0.20366484141865432, 0.20540044125408863, 0.2071682134793827, 0.20896874631135026, 0.2108026264540729, 0.21267045281415106, 0.21457280995020192, 0.2165102721403908, 0.21848339773572006, 0.22049275209757652, 0.22253884428937817, 0.22462217196027207, 0.226743213380652, 0.22890236104378836, 0.2311000020947049, 0.23333641779769038, 0.235611848157387, 0.23792643376879888, 0.24028023824685524, 0.24267320884311822, 0.24510517120123798, 0.2475758017891003, 0.25008461191247694, 0.25263092193607206, 0.255213829487589, 0.2578321595453757, 0.26048448895441473, 0.2631690596386635, 0.26588375271300635, 0.26862603413357833, 0.27139291659347886, 0.2741808690525157, 0.2769857697477136, 0.27980282479346114, 0.2826264844175936, 0.2854503479090242, 0.28826705862823915, 0.29106818789719485, 0.2938441130810725, 0.2965838269660174, 0.299274879122659, 0.30190309230612533, 0.30445243412958695, 0.30690479223919676, 0.3092397513554835, 0.31143435180296175, 0.31346283255442614, 0.31529636153281293, 0.31690275675730634, 0.3182462008020931, 0.31928696484366964, 0.31998113558642505, 0.32028038676203807, 0.3201317855746914, 0.3194776782254684, 0.3182556796522461, 0.3163988104356192, 0.31383582552583694, 0.31049171241830015, 0.3062889548539429, 0.30114857155686225, 0.29499130636143106, 0.2877423684789921, 0.27933118110029964, 0.26969837944620906, 0.25879811979685624, 0.2466080771308704, 0.23313076040088304, 0.21840398067219471, 0.20250794770958058, 0.18557247398680904, 0.16778230574504813, 0.14938288468491248, 0.1306791763521176, 0.11203108324710612, 0.0938403728327306, 0.07653172863233244, 0.060523559171528477, 0.046192836785782, 0.03383580088644546],